tfbs	motif_id	tx_id	gene_id	chr	start	end	RVG11_footprint	RVG1_footprint	RVG4_footprint	RVG11_bound	RVG1_bound	RVG4_bound	tfbs_bound_min2
FOXO3	MA0157.2	PER15_SVMP_10	NA	scaffold-mi1	14395763	14395770	2.55085	2.54887	3.16772	1	1	1	yes
EHF	MA0598.3	PER15_SVMP_10	NA	scaffold-mi1	14395537	14395551	1.08382	0.47402	1.60448	0	0	0	no
EHF	MA0598.3	PER15_SVMP_10	NA	scaffold-mi1	14395711	14395725	3.9924	3.13182	3.46354	1	1	1	yes
EHF	MA0598.3	PER15_SVMP_10	NA	scaffold-mi1	14395602	14395616	2.32694	1.33395	2.93944	1	0	1	yes
Bhlha15	MA0607.1	PER15_SVMP_10	NA	scaffold-mi1	14395734	14395741	3.851	2.9034	3.16034	1	1	1	yes
MEIS1	MA0498.2	PER15_SVMP_10	NA	scaffold-mi1	14395579	14395585	1.59296	1.07018	1.59368	0	0	0	no
MEIS1	MA0498.2	PER15_SVMP_10	NA	scaffold-mi1	14395956	14395962	1.50106	0.74901	1.92575	0	0	0	no
MEIS1	MA0498.2	PER15_SVMP_10	NA	scaffold-mi1	14395817	14395823	2.19378	3.20458	2.66239	0	1	1	yes
MEIS1	MA0498.2	PER15_SVMP_10	NA	scaffold-mi1	14395804	14395810	2.19378	3.20458	2.66239	0	1	1	yes
MEIS1	MA0498.2	PER15_SVMP_10	NA	scaffold-mi1	14395752	14395758	3.06305	2.54887	3.16772	1	1	1	yes
MEIS1	MA0498.2	PER15_SVMP_10	NA	scaffold-mi1	14395738	14395744	3.70171	2.79672	3.118	1	1	1	yes
PITX2	MA1547.1	PER15_SVMP_10	NA	scaffold-mi1	14395879	14395886	1.99008	1.80817	2.36314	0	0	0	no
NFIA	MA0670.1	PER15_SVMP_10	NA	scaffold-mi1	14395811	14395820	2.19378	3.20458	2.66239	0	1	1	yes
BARX2	MA1471.1	PER15_SVMP_10	NA	scaffold-mi1	14395566	14395577	1.17244	0.91765	1.61022	0	0	0	no
BARX2	MA1471.1	PER15_SVMP_10	NA	scaffold-mi1	14396008	14396019	1.17938	0.76907	1.53132	0	0	0	no
Arid3a	MA0151.1	PER15_SVMP_10	NA	scaffold-mi1	14395705	14395710	3.9924	3.10233	3.46354	1	1	1	yes
Arid3a	MA0151.1	PER15_SVMP_10	NA	scaffold-mi1	14395778	14395783	2.42805	2.38024	3.14712	1	1	1	yes
Arid3a	MA0151.1	PER15_SVMP_10	NA	scaffold-mi1	14395882	14395887	1.8713	1.80817	2.34905	0	0	0	no
Arid3a	MA0151.1	PER15_SVMP_10	NA	scaffold-mi1	14395913	14395918	1.51985	1.09325	2.08593	0	0	0	no
Arid3a	MA0151.1	PER15_SVMP_10	NA	scaffold-mi1	14395743	14395748	3.30503	2.56203	3.16772	1	1	1	yes
Arid3a	MA0151.1	PER15_SVMP_10	NA	scaffold-mi1	14395640	14395645	3.00951	2.17126	2.70977	1	0	1	yes
Arid3a	MA0151.1	PER15_SVMP_10	NA	scaffold-mi1	14395612	14395617	2.32694	1.33395	2.93944	1	0	1	yes
FOXC2	MA0846.1	PER15_SVMP_10	NA	scaffold-mi1	14395762	14395773	2.55831	2.54887	3.16772	1	1	1	yes
SOX9	MA0077.1	PER15_SVMP_10	NA	scaffold-mi1	14395866	14395874	2.48065	1.80817	2.36314	1	0	0	no
SOX9	MA0077.1	PER15_SVMP_10	NA	scaffold-mi1	14395991	14395999	1.47681	0.76907	1.64957	0	0	0	no
SOX9	MA0077.1	PER15_SVMP_10	NA	scaffold-mi1	14395820	14395828	2.21881	3.20458	2.66239	0	1	1	yes
SOX9	MA0077.1	PER15_SVMP_10	NA	scaffold-mi1	14395704	14395712	3.9924	3.06916	3.46354	1	1	1	yes
FOXO4	MA0848.1	PER15_SVMP_10	NA	scaffold-mi1	14395764	14395770	2.54059	2.54887	3.16772	1	1	1	yes
SREBF2	MA0596.1	PER15_SVMP_10	NA	scaffold-mi1	14395624	14395633	2.32694	1.33722	2.93944	1	0	1	yes
NFATC1	MA0624.1	PER15_SVMP_10	NA	scaffold-mi1	14395539	14395548	1.09109	0.47046	1.61022	0	0	0	no
NFATC1	MA0624.1	PER15_SVMP_10	NA	scaffold-mi1	14395764	14395773	2.52713	2.54887	3.16772	1	1	1	yes
NFATC1	MA0624.1	PER15_SVMP_10	NA	scaffold-mi1	14395825	14395834	2.26669	3.0464	2.6568	0	1	1	yes
NFATC1	MA0624.1	PER15_SVMP_10	NA	scaffold-mi1	14395847	14395856	2.48065	1.82477	2.0766	1	0	0	no
NFATC1	MA0624.1	PER15_SVMP_10	NA	scaffold-mi1	14395942	14395951	1.59613	0.68466	2.15555	0	0	0	no
NFATC1	MA0624.1	PER15_SVMP_10	NA	scaffold-mi1	14395899	14395908	1.6422	1.59184	2.2075	0	0	0	no
NFATC1	MA0624.1	PER15_SVMP_10	NA	scaffold-mi1	14395714	14395723	3.9924	3.13182	3.46354	1	1	1	yes
NFATC1	MA0624.1	PER15_SVMP_10	NA	scaffold-mi1	14395672	14395681	3.46977	2.67997	3.53328	1	1	1	yes
NFATC1	MA0624.1	PER15_SVMP_10	NA	scaffold-mi1	14395605	14395614	2.32694	1.33395	2.93944	1	0	1	yes
ELF5	MA0136.2	PER15_SVMP_10	NA	scaffold-mi1	14395604	14395614	2.32694	1.33395	2.93944	1	0	1	yes
ELF5	MA0136.2	PER15_SVMP_10	NA	scaffold-mi1	14395671	14395681	3.46977	2.67997	3.53328	1	1	1	yes
ELF5	MA0136.2	PER15_SVMP_10	NA	scaffold-mi1	14395713	14395723	3.9924	3.13182	3.46354	1	1	1	yes
ELF5	MA0136.2	PER15_SVMP_10	NA	scaffold-mi1	14395847	14395857	2.48064	1.82311	2.07723	1	0	0	no
ELF5	MA0136.2	PER15_SVMP_10	NA	scaffold-mi1	14395539	14395549	1.09497	0.47081	1.61022	0	0	0	no
NFIX	MA0671.1	PER15_SVMP_10	NA	scaffold-mi1	14395811	14395819	2.19378	3.20458	2.66239	0	1	1	yes
NFIX	MA0671.1	PER15_SVMP_10	NA	scaffold-mi1	14395842	14395850	2.45962	1.99871	1.98173	1	0	0	no
NFIX	MA0671.1	PER15_SVMP_10	NA	scaffold-mi1	14395925	14395933	1.59613	0.72316	2.15555	0	0	0	no
NFIX	MA0671.1	PER15_SVMP_10	NA	scaffold-mi1	14395835	14395843	2.31074	2.23849	2.25775	0	0	0	no
SREBF1	MA0595.1	PER15_SVMP_10	NA	scaffold-mi1	14395624	14395633	2.32694	1.33722	2.93944	1	0	1	yes
FOS	MA0476.1	PER15_SVMP_10	NA	scaffold-mi1	14395700	14395710	3.6378	2.6795	3.18668	1	1	1	yes
FOS	MA0476.1	PER15_SVMP_10	NA	scaffold-mi1	14395739	14395749	3.45615	2.65989	3.13338	1	1	1	yes
FOS	MA0476.1	PER15_SVMP_10	NA	scaffold-mi1	14395700	14395710	3.6378	2.6795	3.18668	1	1	1	yes
FOS	MA0476.1	PER13_SVMP_7	NA	scaffold-mi1	14276958	14276968	1.62616	1.49536	1.97674	0	0	0	no
PITX2	MA1547.1	PER13_SVMP_7	NA	scaffold-mi1	14277105	14277112	1.05035	1.05013	1.52524	0	0	0	no
ELF5	MA0136.2	PER13_SVMP_7	NA	scaffold-mi1	14276998	14277008	1.49762	1.50888	1.89645	0	0	0	no
ELF5	MA0136.2	PER13_SVMP_7	NA	scaffold-mi1	14277073	14277083	1.35917	1.31844	2.24206	0	0	0	no
ELF5	MA0136.2	PER13_SVMP_7	NA	scaffold-mi1	14276940	14276950	1.17867	1.08978	1.59197	0	0	0	no
ELF5	MA0136.2	PER13_SVMP_7	NA	scaffold-mi1	14276892	14276902	0.78268	0.66269	0.77548	0	0	0	no
RORA	MA0071.1	PER13_SVMP_7	NA	scaffold-mi1	14276852	14276861	0.51129	0.44296	0.58065	0	0	0	no
MEIS1	MA0498.2	PER13_SVMP_7	NA	scaffold-mi1	14277182	14277188	0.67659	0.82335	0.97593	0	0	0	no
MEIS1	MA0498.2	PER13_SVMP_7	NA	scaffold-mi1	14276971	14276977	1.62616	1.50888	2.0616	0	0	0	no
EHF	MA0598.3	PER13_SVMP_7	NA	scaffold-mi1	14276938	14276952	1.20311	1.10848	1.62429	0	0	0	no
EHF	MA0598.3	PER13_SVMP_7	NA	scaffold-mi1	14276996	14277010	1.52326	1.49071	1.96408	0	0	0	no
NFIX	MA0671.1	PER13_SVMP_7	NA	scaffold-mi1	14277037	14277045	1.57967	1.63542	2.22149	0	0	0	no
NFIX	MA0671.1	PER13_SVMP_7	NA	scaffold-mi1	14277042	14277050	1.39728	1.63542	2.19107	0	0	0	no
NFIX	MA0671.1	PER13_SVMP_7	NA	scaffold-mi1	14277068	14277076	1.39571	1.58223	2.29231	0	0	0	no
NFIX	MA0671.1	PER13_SVMP_7	NA	scaffold-mi1	14277151	14277159	0.6369	0.89525	0.98848	0	0	0	no
NFIX	MA0671.1	PER13_SVMP_7	NA	scaffold-mi1	14277061	14277069	1.39571	1.63542	2.29231	0	0	0	no
NFIX	MA0671.1	PER13_SVMP_7	NA	scaffold-mi1	14276820	14276828	0.3551	0.23301	0.4814	0	0	0	no
NFATC1	MA0624.1	PER13_SVMP_7	NA	scaffold-mi1	14276892	14276901	0.78003	0.66269	0.77525	0	0	0	no
NFATC1	MA0624.1	PER13_SVMP_7	NA	scaffold-mi1	14276940	14276949	1.17198	1.07757	1.55086	0	0	0	no
NFATC1	MA0624.1	PER13_SVMP_7	NA	scaffold-mi1	14277031	14277040	1.70379	1.63542	2.22149	0	0	0	no
NFATC1	MA0624.1	PER13_SVMP_7	NA	scaffold-mi1	14277051	14277060	1.39571	1.63542	2.24959	0	0	0	no
NFATC1	MA0624.1	PER13_SVMP_7	NA	scaffold-mi1	14277073	14277082	1.36588	1.35296	2.28964	0	0	0	no
NFATC1	MA0624.1	PER13_SVMP_7	NA	scaffold-mi1	14277168	14277177	0.6009	0.89525	0.8734	0	0	0	no
NFATC1	MA0624.1	PER13_SVMP_7	NA	scaffold-mi1	14277125	14277134	0.77496	1.03411	1.49454	0	0	0	no
NFATC1	MA0624.1	PER13_SVMP_7	NA	scaffold-mi1	14276999	14277008	1.48334	1.50888	1.8781	0	0	0	no
NFATC1	MA0624.1	PER13_SVMP_7	NA	scaffold-mi1	14276921	14276930	1.18547	0.78953	1.18608	0	0	0	no
FOXI1	MA0042.2	PER13_SVMP_7	NA	scaffold-mi1	14277008	14277014	1.63399	1.34407	2.21589	0	0	0	no
Bhlha15	MA0607.1	PER13_SVMP_7	NA	scaffold-mi1	14276931	14276938	1.18547	0.96145	1.3813	0	0	0	no
Bhlha15	MA0607.1	PER13_SVMP_7	NA	scaffold-mi1	14276948	14276955	1.38433	1.31533	1.93729	0	0	0	no
Bhlha15	MA0607.1	PER13_SVMP_7	NA	scaffold-mi1	14276988	14276995	1.62616	1.50888	2.0616	0	0	0	no
Bhlha15	MA0607.1	PER13_SVMP_7	NA	scaffold-mi1	14276948	14276955	1.38433	1.31533	1.93729	0	0	0	no
Bhlha15	MA0607.1	PER13_SVMP_7	NA	scaffold-mi1	14276931	14276938	1.18547	0.96145	1.3813	0	0	0	no
FOXO4	MA0848.1	PER13_SVMP_7	NA	scaffold-mi1	14277008	14277014	1.63399	1.34407	2.21589	0	0	0	no
FOXO4	MA0848.1	PER13_SVMP_7	NA	scaffold-mi1	14276983	14276989	1.62616	1.50888	2.0616	0	0	0	no
FOXC2	MA0846.1	PER13_SVMP_7	NA	scaffold-mi1	14277006	14277017	1.61078	1.40372	2.18077	0	0	0	no
FOXC2	MA0846.1	PER13_SVMP_7	NA	scaffold-mi1	14276981	14276992	1.62616	1.50888	2.0616	0	0	0	no
FOXC2	MA0846.1	PER13_SVMP_7	NA	scaffold-mi1	14276885	14276896	0.68046	0.66269	0.77343	0	0	0	no
SOX9	MA0077.1	PER13_SVMP_7	NA	scaffold-mi1	14276878	14276886	0.54112	0.66269	0.77343	0	0	0	no
SOX9	MA0077.1	PER13_SVMP_7	NA	scaffold-mi1	14277092	14277100	1.21685	1.05013	1.52524	0	0	0	no
SOX9	MA0077.1	PER13_SVMP_7	NA	scaffold-mi1	14277046	14277054	1.38227	1.63542	2.19902	0	0	0	no
FOXO3	MA0157.2	PER13_SVMP_7	NA	scaffold-mi1	14277007	14277014	1.60447	1.36761	2.21161	0	0	0	no
FOXO3	MA0157.2	PER13_SVMP_7	NA	scaffold-mi1	14276982	14276989	1.62616	1.50888	2.0616	0	0	0	no
NR4A2	MA0160.1	PER13_SVMP_7	NA	scaffold-mi1	14276851	14276858	0.50565	0.44197	0.58065	0	0	0	no
Arid3a	MA0151.1	PER13_SVMP_7	NA	scaffold-mi1	14277108	14277113	0.95169	1.05013	1.52524	0	0	0	no
Arid3a	MA0151.1	PER13_SVMP_7	NA	scaffold-mi1	14277139	14277144	0.66102	0.83308	1.42215	0	0	0	no
Arid3a	MA0151.1	PER13_SVMP_7	NA	scaffold-mi1	14276986	14276991	1.62616	1.50888	2.0616	0	0	0	no
Arid3a	MA0151.1	PER13_SVMP_7	NA	scaffold-mi1	14276962	14276967	1.62616	1.49613	1.97674	0	0	0	no
NFIA	MA0670.1	PER13_SVMP_7	NA	scaffold-mi1	14277037	14277046	1.55598	1.63542	2.22149	0	0	0	no
NFIA	MA0670.1	PER13_SVMP_7	NA	scaffold-mi1	14277060	14277069	1.39571	1.63542	2.29231	0	0	0	no
NFIX	MA0671.1	PER12_SVMP_6	NA	scaffold-mi1	14246661	14246669	3.95044	3.56526	3.31458	1	1	1	yes
NFIX	MA0671.1	PER12_SVMP_6	NA	scaffold-mi1	14246666	14246674	3.95044	3.56526	3.31458	1	1	1	yes
NFIX	MA0671.1	PER12_SVMP_6	NA	scaffold-mi1	14246692	14246700	3.40166	2.79949	3.31458	1	1	1	yes
NFIX	MA0671.1	PER12_SVMP_6	NA	scaffold-mi1	14246775	14246783	2.43942	1.76065	1.97284	1	0	0	no
NFIX	MA0671.1	PER12_SVMP_6	NA	scaffold-mi1	14246685	14246693	3.35802	2.78093	3.31458	1	1	1	yes
NFATC1	MA0624.1	PER12_SVMP_6	NA	scaffold-mi1	14246675	14246684	3.83212	3.46816	3.31458	1	1	1	yes
NFATC1	MA0624.1	PER12_SVMP_6	NA	scaffold-mi1	14246697	14246706	3.40166	2.79949	3.31385	1	1	1	yes
NFATC1	MA0624.1	PER12_SVMP_6	NA	scaffold-mi1	14246850	14246859	1.72093	1.57275	1.04373	0	0	0	no
NFATC1	MA0624.1	PER12_SVMP_6	NA	scaffold-mi1	14246792	14246801	2.43942	1.76065	1.52238	1	0	0	no
NFATC1	MA0624.1	PER12_SVMP_6	NA	scaffold-mi1	14246749	14246758	2.97168	2.40519	3.38717	1	1	1	yes
NFATC1	MA0624.1	PER12_SVMP_6	NA	scaffold-mi1	14246623	14246632	3.10051	2.75714	3.69596	1	1	1	yes
NFATC1	MA0624.1	PER12_SVMP_6	NA	scaffold-mi1	14246557	14246566	1.90715	1.86593	2.3142	0	0	0	no
FOXO4	MA0848.1	PER12_SVMP_6	NA	scaffold-mi1	14246632	14246638	3.23572	3.26778	2.83509	1	1	1	yes
FOXO4	MA0848.1	PER12_SVMP_6	NA	scaffold-mi1	14246607	14246613	3.20144	2.91426	3.97484	1	1	1	yes
Arid3a	MA0151.1	PER12_SVMP_6	NA	scaffold-mi1	14246732	14246737	2.97168	2.40519	3.38717	1	1	1	yes
Arid3a	MA0151.1	PER12_SVMP_6	NA	scaffold-mi1	14246763	14246768	2.73303	2.25574	3.14757	1	0	1	yes
Arid3a	MA0151.1	PER12_SVMP_6	NA	scaffold-mi1	14246783	14246788	2.43942	1.76065	1.63174	1	0	0	no
Arid3a	MA0151.1	PER12_SVMP_6	NA	scaffold-mi1	14246722	14246727	2.97168	2.40519	3.38717	1	1	1	yes
Arid3a	MA0151.1	PER12_SVMP_6	NA	scaffold-mi1	14246610	14246615	3.20144	2.91426	3.97484	1	1	1	yes
Arid3a	MA0151.1	PER12_SVMP_6	NA	scaffold-mi1	14246586	14246591	2.99639	2.84276	3.04566	1	1	1	yes
Arid3a	MA0151.1	PER12_SVMP_6	NA	scaffold-mi1	14246575	14246580	2.71282	2.62499	2.68113	1	1	1	yes
Arid3a	MA0151.1	PER12_SVMP_6	NA	scaffold-mi1	14246456	14246461	1.42924	1.20023	2.00843	0	0	0	no
Arid3a	MA0151.1	PER12_SVMP_6	NA	scaffold-mi1	14246428	14246433	1.05957	0.77954	2.18233	0	0	0	no
Bhlha15	MA0607.1	PER12_SVMP_6	NA	scaffold-mi1	14246577	14246584	2.74649	2.78101	2.82622	1	1	1	yes
Bhlha15	MA0607.1	PER12_SVMP_6	NA	scaffold-mi1	14246612	14246619	3.20144	2.91426	3.97484	1	1	1	yes
SOX9	MA0077.1	PER12_SVMP_6	NA	scaffold-mi1	14246716	14246724	2.96938	2.40519	3.38717	1	1	1	yes
SOX9	MA0077.1	PER12_SVMP_6	NA	scaffold-mi1	14246670	14246678	3.95044	3.56526	3.31458	1	1	1	yes
NFIA	MA0670.1	PER12_SVMP_6	NA	scaffold-mi1	14246661	14246670	3.95044	3.56526	3.31458	1	1	1	yes
FOXO3	MA0157.2	PER12_SVMP_6	NA	scaffold-mi1	14246631	14246638	3.18468	3.21838	2.893	1	1	1	yes
FOXO3	MA0157.2	PER12_SVMP_6	NA	scaffold-mi1	14246606	14246613	3.20144	2.91426	3.97484	1	1	1	yes
FOXC2	MA0846.1	PER12_SVMP_6	NA	scaffold-mi1	14246630	14246641	3.36854	3.2547	3.02637	1	1	1	yes
FOXC2	MA0846.1	PER12_SVMP_6	NA	scaffold-mi1	14246605	14246616	3.20144	2.91426	3.97484	1	1	1	yes
SREBF1	MA0595.1	PER12_SVMP_6	NA	scaffold-mi1	14246440	14246449	1.04881	0.77954	2.00843	0	0	0	no
EHF	MA0598.3	PER12_SVMP_6	NA	scaffold-mi1	14246620	14246634	3.09073	2.83884	3.65025	1	1	1	yes
EHF	MA0598.3	PER12_SVMP_6	NA	scaffold-mi1	14246554	14246568	1.91689	1.84578	2.3142	0	0	0	no
SREBF2	MA0596.1	PER12_SVMP_6	NA	scaffold-mi1	14246440	14246449	1.04881	0.77954	2.00843	0	0	0	no
ELF5	MA0136.2	PER12_SVMP_6	NA	scaffold-mi1	14246556	14246566	1.89051	1.85283	2.3142	0	0	0	no
ELF5	MA0136.2	PER12_SVMP_6	NA	scaffold-mi1	14246622	14246632	3.1106	2.77285	3.72384	1	1	1	yes
ELF5	MA0136.2	PER12_SVMP_6	NA	scaffold-mi1	14246850	14246860	1.71599	1.53797	1.03435	0	0	0	no
ELF5	MA0136.2	PER12_SVMP_6	NA	scaffold-mi1	14246697	14246707	3.40166	2.79949	3.2850799999999998	1	1	1	yes
PITX2	MA1547.1	PER12_SVMP_6	NA	scaffold-mi1	14246780	14246787	2.43942	1.76064	1.74815	1	0	0	no
PITX2	MA1547.1	PER12_SVMP_6	NA	scaffold-mi1	14246729	14246736	2.97168	2.40519	3.38717	1	1	1	yes
MEIS1	MA0498.2	PER12_SVMP_6	NA	scaffold-mi1	14246806	14246812	1.87269	1.53546	1.2409	0	0	0	no
MEIS1	MA0498.2	PER12_SVMP_6	NA	scaffold-mi1	14246595	14246601	3.20144	2.91426	3.81717	1	1	1	yes
MEIS1	MA0498.2	PER12_SVMP_6	NA	scaffold-mi1	14246581	14246587	2.75544	2.8293	2.94768	1	1	1	yes
FOXI1	MA0042.2	PER12_SVMP_6	NA	scaffold-mi1	14246632	14246638	3.23572	3.26778	2.83509	1	1	1	yes
FOS	MA0476.1	PER12_SVMP_6	NA	scaffold-mi1	14246535	14246545	1.74075	1.84216	1.91051	0	0	0	no
FOS	MA0476.1	PER12_SVMP_6	NA	scaffold-mi1	14246582	14246592	2.9075	2.83681	3.02405	1	1	1	yes
FOS	MA0476.1	PER12_SVMP_6	NA	scaffold-mi1	14246535	14246545	1.74075	1.84216	1.91051	0	0	0	no
RORA	MA0071.1	PER14_SVMP_8	NA	scaffold-mi1	14304803	14304812	4.2791	2.82063	3.16848	1	1	1	yes
NFIX	MA0671.1	PER14_SVMP_8	NA	scaffold-mi1	14304953	14304961	1.88957	1.79271	1.58594	0	0	0	no
NFIX	MA0671.1	PER14_SVMP_8	NA	scaffold-mi1	14305036	14305044	0.89666	0.76429	1.18754	0	0	0	no
NFIX	MA0671.1	PER14_SVMP_8	NA	scaffold-mi1	14304946	14304954	2.294	1.79271	1.8304	0	0	0	no
NFIX	MA0671.1	PER14_SVMP_8	NA	scaffold-mi1	14304914	14304922	2.96489	2.47927	2.01885	1	1	0	yes
SOX10	MA0442.2	PER14_SVMP_8	NA	scaffold-mi1	14304575	14304585	1.16538	0.39326	0.54793	0	0	0	no
FOXC2	MA0846.1	PER14_SVMP_8	NA	scaffold-mi1	14304806	14304817	4.10557	2.82063	3.26711	1	1	1	yes
FOXC2	MA0846.1	PER14_SVMP_8	NA	scaffold-mi1	14304891	14304902	2.79549	3.13431	2.15679	1	1	0	yes
FOXC2	MA0846.1	PER14_SVMP_8	NA	scaffold-mi1	14304866	14304877	3.61379	3.23296	3.01642	1	1	1	yes
FOXC2	MA0846.1	PER14_SVMP_8	NA	scaffold-mi1	14304837	14304848	3.45602	2.82063	3.18488	1	1	1	yes
FOXC2	MA0846.1	PER14_SVMP_8	NA	scaffold-mi1	14304616	14304627	1.1269	0.6564	0.65857	0	0	0	no
FOS	MA0476.1	PER14_SVMP_8	NA	scaffold-mi1	14304592	14304602	1.18311	0.53661	0.54871	0	0	0	no
FOS	MA0476.1	PER14_SVMP_8	NA	scaffold-mi1	14304843	14304853	3.61379	2.79634	2.99733	1	1	1	yes
FOS	MA0476.1	PER14_SVMP_8	NA	scaffold-mi1	14304592	14304602	1.18311	0.53661	0.54871	0	0	0	no
BARX2	MA1471.1	PER14_SVMP_8	NA	scaffold-mi1	14304644	14304655	2.26669	0.86119	1.56413	0	0	0	no
BARX2	MA1471.1	PER14_SVMP_8	NA	scaffold-mi1	14304634	14304645	1.86245	0.83778	1.20443	0	0	0	no
NFATC1	MA0624.1	PER14_SVMP_8	NA	scaffold-mi1	14304936	14304945	2.81381	1.79271	2.00881	1	0	0	no
NFATC1	MA0624.1	PER14_SVMP_8	NA	scaffold-mi1	14305053	14305062	0.90816	0.75185	1.18754	0	0	0	no
NFATC1	MA0624.1	PER14_SVMP_8	NA	scaffold-mi1	14305010	14305019	1.53887	0.96589	0.82065	0	0	0	no
NFATC1	MA0624.1	PER14_SVMP_8	NA	scaffold-mi1	14304884	14304893	3.36408	3.28614	2.75653	1	1	1	yes
NFATC1	MA0624.1	PER14_SVMP_8	NA	scaffold-mi1	14304818	14304827	3.84886	2.82063	3.26796	1	1	1	yes
NFATC1	MA0624.1	PER14_SVMP_8	NA	scaffold-mi1	14304683	14304692	2.54435	1.06765	1.88936	1	0	0	no
NR4A2	MA0160.1	PER14_SVMP_8	NA	scaffold-mi1	14304806	14304813	4.25226	2.82063	3.26662	1	1	1	yes
EHF	MA0598.3	PER14_SVMP_8	NA	scaffold-mi1	14304881	14304895	3.32162	3.28378	2.75894	1	1	1	yes
EHF	MA0598.3	PER14_SVMP_8	NA	scaffold-mi1	14304680	14304694	2.54435	1.06765	1.88936	1	0	0	no
SREBF1	MA0595.1	PER14_SVMP_8	NA	scaffold-mi1	14304702	14304711	2.31589	1.20282	1.52368	1	0	0	no
FOXO3	MA0157.2	PER14_SVMP_8	NA	scaffold-mi1	14304892	14304899	2.71158	3.151	2.17177	1	1	0	yes
FOXO3	MA0157.2	PER14_SVMP_8	NA	scaffold-mi1	14304867	14304874	3.61379	3.21835	3.01642	1	1	1	yes
FOXI1	MA0042.2	PER14_SVMP_8	NA	scaffold-mi1	14304893	14304899	2.70813	3.12848	2.13168	1	1	0	yes
FOXI1	MA0042.2	PER14_SVMP_8	NA	scaffold-mi1	14304731	14304737	3.56856	2.39407	2.28408	1	1	0	yes
ELF5	MA0136.2	PER14_SVMP_8	NA	scaffold-mi1	14304682	14304692	2.54435	1.06765	1.88936	1	0	0	no
ELF5	MA0136.2	PER14_SVMP_8	NA	scaffold-mi1	14304817	14304827	3.84886	2.82063	3.26796	1	1	1	yes
ELF5	MA0136.2	PER14_SVMP_8	NA	scaffold-mi1	14304883	14304893	3.38905	3.28614	2.78252	1	1	1	yes
PITX2	MA1547.1	PER14_SVMP_8	NA	scaffold-mi1	14304990	14304997	1.57022	0.96589	0.87523	0	0	0	no
Arid3a	MA0151.1	PER14_SVMP_8	NA	scaffold-mi1	14304961	14304966	1.72171	1.77393	1.3972	0	0	0	no
Arid3a	MA0151.1	PER14_SVMP_8	NA	scaffold-mi1	14304993	14304998	1.57022	0.96589	0.83153	0	0	0	no
Arid3a	MA0151.1	PER14_SVMP_8	NA	scaffold-mi1	14305024	14305029	1.33623	0.96589	1.15555	0	0	0	no
Arid3a	MA0151.1	PER14_SVMP_8	NA	scaffold-mi1	14304871	14304876	3.61379	3.27955	3.01642	1	1	1	yes
Arid3a	MA0151.1	PER14_SVMP_8	NA	scaffold-mi1	14304847	14304852	3.61379	2.79735	2.9774	1	1	1	yes
Arid3a	MA0151.1	PER14_SVMP_8	NA	scaffold-mi1	14304840	14304845	3.61125	2.82063	3.20069	1	1	1	yes
Arid3a	MA0151.1	PER14_SVMP_8	NA	scaffold-mi1	14304836	14304841	3.19043	2.82063	3.26796	1	1	1	yes
Arid3a	MA0151.1	PER14_SVMP_8	NA	scaffold-mi1	14304718	14304723	3.56856	2.39407	2.28408	1	1	0	yes
Arid3a	MA0151.1	PER14_SVMP_8	NA	scaffold-mi1	14304690	14304695	2.54435	1.06765	1.88936	1	0	0	no
ZNF652	MA1657.1	PER14_SVMP_8	NA	scaffold-mi1	14304633	14304644	1.83921	0.83749	1.16165	0	0	0	no
MEIS1	MA0498.2	PER14_SVMP_8	NA	scaffold-mi1	14304801	14304807	4.29422	2.82063	3.17405	1	1	1	yes
MEIS1	MA0498.2	PER14_SVMP_8	NA	scaffold-mi1	14304824	14304830	3.8464	2.82063	3.26796	1	1	1	yes
MEIS1	MA0498.2	PER14_SVMP_8	NA	scaffold-mi1	14305067	14305073	0.87659	0.81623	1.14774	0	0	0	no
MEIS1	MA0498.2	PER14_SVMP_8	NA	scaffold-mi1	14304928	14304934	2.91514	1.79271	2.01454	1	0	0	no
MEIS1	MA0498.2	PER14_SVMP_8	NA	scaffold-mi1	14304923	14304929	2.91514	1.90459	2.01454	1	0	0	no
MEIS1	MA0498.2	PER14_SVMP_8	NA	scaffold-mi1	14304856	14304862	3.61379	2.61237	3.01642	1	1	1	yes
Bhlha15	MA0607.1	PER14_SVMP_8	NA	scaffold-mi1	14304589	14304596	1.19963	0.52444	0.54793	0	0	0	no
Bhlha15	MA0607.1	PER14_SVMP_8	NA	scaffold-mi1	14304873	14304880	3.61379	3.28614	3.01642	1	1	1	yes
FOXO4	MA0848.1	PER14_SVMP_8	NA	scaffold-mi1	14304893	14304899	2.70813	3.12848	2.13168	1	1	0	yes
FOXO4	MA0848.1	PER14_SVMP_8	NA	scaffold-mi1	14304868	14304874	3.61379	3.22545	3.01642	1	1	1	yes
FOXO4	MA0848.1	PER14_SVMP_8	NA	scaffold-mi1	14304731	14304737	3.56856	2.39407	2.28408	1	1	0	yes
SREBF2	MA0596.1	PER14_SVMP_8	NA	scaffold-mi1	14304702	14304711	2.31589	1.20282	1.52368	1	0	0	no
SOX9	MA0077.1	PER14_SVMP_8	NA	scaffold-mi1	14304614	14304622	1.06332	0.61738	0.62514	0	0	0	no
SOX9	MA0077.1	PER14_SVMP_8	NA	scaffold-mi1	14304977	14304985	1.56798	1.05748	0.99	0	0	0	no
SOX9	MA0077.1	PER14_SVMP_8	NA	scaffold-mi1	14304931	14304939	2.90097	1.79271	2.01454	1	0	0	no
SOX9	MA0077.1	PER14_SVMP_8	NA	scaffold-mi1	14304808	14304816	4.09402	2.82063	3.26796	1	1	1	yes
NFIX	MA0671.1	PER9_SVMP_5	NA	scaffold-mi1	14193769	14193777	3.16147	1.03041	2.99627	1	0	1	yes
NFIX	MA0671.1	PER9_SVMP_5	NA	scaffold-mi1	14193965	14193973	2.26625	1.38184	2.69532	0	0	1	no
NFIX	MA0671.1	PER9_SVMP_5	NA	scaffold-mi1	14193996	14194004	2.26625	1.52131	2.66472	0	0	1	no
NFIX	MA0671.1	PER9_SVMP_5	NA	scaffold-mi1	14194079	14194087	1.20023	0.78879	1.27398	0	0	0	no
NFIX	MA0671.1	PER9_SVMP_5	NA	scaffold-mi1	14193989	14193997	2.26625	1.52131	2.66472	0	0	1	no
NFATC1	MA0624.1	PER9_SVMP_5	NA	scaffold-mi1	14193675	14193684	2.07064	0.49965	1.63245	0	0	0	no
NFATC1	MA0624.1	PER9_SVMP_5	NA	scaffold-mi1	14193959	14193968	2.26625	1.34654	2.73713	0	0	1	no
NFATC1	MA0624.1	PER9_SVMP_5	NA	scaffold-mi1	14194001	14194010	2.21198	1.49167	2.65682	0	0	1	no
NFATC1	MA0624.1	PER9_SVMP_5	NA	scaffold-mi1	14194053	14194062	1.75156	1.32329	2.08439	0	0	0	no
NFATC1	MA0624.1	PER9_SVMP_5	NA	scaffold-mi1	14193927	14193936	2.81585	1.11312	4.49196	1	0	1	yes
NFATC1	MA0624.1	PER9_SVMP_5	NA	scaffold-mi1	14193803	14193812	3.47267	1.42269	4.56561	1	0	1	yes
NFATC1	MA0624.1	PER9_SVMP_5	NA	scaffold-mi1	14193748	14193757	3.45742	0.78724	3.70946	1	0	1	yes
PITX2	MA1547.1	PER9_SVMP_5	NA	scaffold-mi1	14194033	14194040	1.7903	1.32329	2.12889	0	0	0	no
PITX2	MA1547.1	PER9_SVMP_5	NA	scaffold-mi1	14193854	14193861	3.40491	1.42958	6.04372	1	0	1	yes
ELF5	MA0136.2	PER9_SVMP_5	NA	scaffold-mi1	14193747	14193757	3.45742	0.78724	3.70946	1	0	1	yes
ELF5	MA0136.2	PER9_SVMP_5	NA	scaffold-mi1	14193926	14193936	2.81585	1.12417	4.5098	1	0	1	yes
ELF5	MA0136.2	PER9_SVMP_5	NA	scaffold-mi1	14194001	14194011	2.19607	1.45092	2.61671	0	0	1	no
ELF5	MA0136.2	PER9_SVMP_5	NA	scaffold-mi1	14193675	14193685	2.07064	0.49965	1.63861	0	0	0	no
RORA	MA0071.1	PER9_SVMP_5	NA	scaffold-mi1	14194106	14194115	0.87166	0.76642	1.21399	0	0	0	no
FOXO4	MA0848.1	PER9_SVMP_5	NA	scaffold-mi1	14193936	14193942	2.81585	0.91967	3.74601	1	0	1	yes
FOXO4	MA0848.1	PER9_SVMP_5	NA	scaffold-mi1	14193911	14193917	2.81585	1.22364	4.67031	1	0	1	yes
FOXO4	MA0848.1	PER9_SVMP_5	NA	scaffold-mi1	14193796	14193802	3.47267	1.27295	4.38416	1	0	1	yes
FOXC2	MA0846.1	PER9_SVMP_5	NA	scaffold-mi1	14193934	14193945	2.81585	0.96042	3.72108	1	0	1	yes
FOXC2	MA0846.1	PER9_SVMP_5	NA	scaffold-mi1	14193909	14193920	2.81585	1.22364	4.67031	1	0	1	yes
Arid3a	MA0151.1	PER9_SVMP_5	NA	scaffold-mi1	14193857	14193862	3.40491	1.42958	6.04372	1	0	1	yes
Arid3a	MA0151.1	PER9_SVMP_5	NA	scaffold-mi1	14194036	14194041	1.7903	1.32329	2.12415	0	0	0	no
Arid3a	MA0151.1	PER9_SVMP_5	NA	scaffold-mi1	14194067	14194072	1.56334	1.17011	1.92681	0	0	0	no
Arid3a	MA0151.1	PER9_SVMP_5	NA	scaffold-mi1	14193914	14193919	2.81585	1.22364	4.67031	1	0	1	yes
Arid3a	MA0151.1	PER9_SVMP_5	NA	scaffold-mi1	14193890	14193895	3.40491	1.25985	6.04372	1	0	1	yes
Arid3a	MA0151.1	PER9_SVMP_5	NA	scaffold-mi1	14193883	14193888	3.40491	1.42958	6.04372	1	0	1	yes
Arid3a	MA0151.1	PER9_SVMP_5	NA	scaffold-mi1	14193879	14193884	3.40491	1.42958	6.04372	1	0	1	yes
Arid3a	MA0151.1	PER9_SVMP_5	NA	scaffold-mi1	14193857	14193862	3.40491	1.42958	6.04372	1	0	1	yes
Arid3a	MA0151.1	PER9_SVMP_5	NA	scaffold-mi1	14193783	14193788	3.47011	1.24845	4.19161	1	0	1	yes
Arid3a	MA0151.1	PER9_SVMP_5	NA	scaffold-mi1	14193755	14193760	3.45742	0.7907	3.70946	1	0	1	yes
Bhlha15	MA0607.1	PER9_SVMP_5	NA	scaffold-mi1	14193647	14193654	1.63837	0.35304	0.89193	0	0	0	no
Bhlha15	MA0607.1	PER9_SVMP_5	NA	scaffold-mi1	14193916	14193923	2.81585	1.22364	4.67031	1	0	1	yes
Bhlha15	MA0607.1	PER9_SVMP_5	NA	scaffold-mi1	14193647	14193654	1.63837	0.35304	0.89193	0	0	0	no
BARX2	MA1471.1	PER9_SVMP_5	NA	scaffold-mi1	14193850	14193861	3.40491	1.42958	6.04372	1	0	1	yes
SOX9	MA0077.1	PER9_SVMP_5	NA	scaffold-mi1	14194020	14194028	1.65862	1.32329	2.12889	0	0	0	no
SOX9	MA0077.1	PER9_SVMP_5	NA	scaffold-mi1	14193974	14193982	2.26625	1.51467	2.69532	0	0	1	no
FOXO3	MA0157.2	PER9_SVMP_5	NA	scaffold-mi1	14193935	14193942	2.81585	0.91954	3.78596	1	0	1	yes
FOXO3	MA0157.2	PER9_SVMP_5	NA	scaffold-mi1	14193910	14193917	2.81585	1.22364	4.67031	1	0	1	yes
NFIA	MA0670.1	PER9_SVMP_5	NA	scaffold-mi1	14193965	14193974	2.26625	1.39167	2.69532	0	0	1	no
ZNF652	MA1657.1	PER9_SVMP_5	NA	scaffold-mi1	14193691	14193702	2.07064	0.49965	1.72285	0	0	0	no
SREBF1	MA0595.1	PER9_SVMP_5	NA	scaffold-mi1	14193767	14193776	3.22444	0.98014	3.03641	1	0	1	yes
NR4A2	MA0160.1	PER9_SVMP_5	NA	scaffold-mi1	14194105	14194112	0.87516	0.77624	1.15653	0	0	0	no
FOXI1	MA0042.2	PER9_SVMP_5	NA	scaffold-mi1	14193936	14193942	2.81585	0.91967	3.74601	1	0	1	yes
FOXI1	MA0042.2	PER9_SVMP_5	NA	scaffold-mi1	14193796	14193802	3.47267	1.27295	4.38416	1	0	1	yes
SREBF2	MA0596.1	PER9_SVMP_5	NA	scaffold-mi1	14193767	14193776	3.22444	0.98014	3.03641	1	0	1	yes
MEIS1	MA0498.2	PER9_SVMP_5	NA	scaffold-mi1	14193710	14193716	2.28521	0.56365	2.36358	0	0	0	no
MEIS1	MA0498.2	PER9_SVMP_5	NA	scaffold-mi1	14193867	14193873	3.40491	1.42958	6.04372	1	0	1	yes
MEIS1	MA0498.2	PER9_SVMP_5	NA	scaffold-mi1	14194110	14194116	0.86658	0.75156	1.2443	0	0	0	no
MEIS1	MA0498.2	PER9_SVMP_5	NA	scaffold-mi1	14193971	14193977	2.26625	1.47832	2.69532	0	0	1	no
MEIS1	MA0498.2	PER9_SVMP_5	NA	scaffold-mi1	14193899	14193905	2.91537	1.22364	4.07621	1	0	1	yes
EHF	MA0598.3	PER9_SVMP_5	NA	scaffold-mi1	14193673	14193687	2.07064	0.49832	1.63861	0	0	0	no
EHF	MA0598.3	PER9_SVMP_5	NA	scaffold-mi1	14193924	14193938	2.81585	1.10857	4.46167	1	0	1	yes
EHF	MA0598.3	PER9_SVMP_5	NA	scaffold-mi1	14193745	14193759	3.45742	0.78786	3.70946	1	0	1	yes
FOS	MA0476.1	PER9_SVMP_5	NA	scaffold-mi1	14193650	14193660	1.62708	0.35289	0.87597	0	0	0	no
FOS	MA0476.1	PER9_SVMP_5	NA	scaffold-mi1	14193879	14193889	3.40491	1.42941	6.04372	1	0	1	yes
FOS	MA0476.1	PER9_SVMP_5	NA	scaffold-mi1	14193886	14193896	3.40491	1.32372	5.94514	1	0	1	yes
FOS	MA0476.1	PER9_SVMP_5	NA	scaffold-mi1	14193650	14193660	1.62708	0.35289	0.87597	0	0	0	no
RORA	MA0071.1	PER10_SVMP_5	NA	scaffold-mi1	14197980	14197989	1.18039	0.64229	1.59817	0	0	0	no
SOX10	MA0442.2	PER10_SVMP_5	NA	scaffold-mi1	14197826	14197836	0.72731	0.38105	1.21364	0	0	0	no
SOX10	MA0442.2	PER10_SVMP_5	NA	scaffold-mi1	14198066	14198076	1.08576	0.47151	2.05989	0	0	0	no
SOX10	MA0442.2	PER10_SVMP_5	NA	scaffold-mi1	14197936	14197946	0.55432	0.49578	0.75082	0	0	0	no
FOXO4	MA0848.1	PER10_SVMP_5	NA	scaffold-mi1	14197786	14197792	0.92048	0.42559	1.16777	0	0	0	no
FOXO4	MA0848.1	PER10_SVMP_5	NA	scaffold-mi1	14197941	14197947	0.55208	0.44287	0.71652	0	0	0	no
NFATC1	MA0624.1	PER10_SVMP_5	NA	scaffold-mi1	14197546	14197555	1.27083	0.62579	1.31986	0	0	0	no
NFATC1	MA0624.1	PER10_SVMP_5	NA	scaffold-mi1	14197912	14197921	0.57728	0.54386	0.87397	0	0	0	no
NFATC1	MA0624.1	PER10_SVMP_5	NA	scaffold-mi1	14197966	14197975	0.99794	0.60294	1.41024	0	0	0	no
NFATC1	MA0624.1	PER10_SVMP_5	NA	scaffold-mi1	14197900	14197909	0.61764	0.54386	0.87397	0	0	0	no
NFATC1	MA0624.1	PER10_SVMP_5	NA	scaffold-mi1	14197676	14197685	0.96673	0.28672	2.44918	0	0	1	no
NFATC1	MA0624.1	PER10_SVMP_5	NA	scaffold-mi1	14197653	14197662	0.96656	0.29177	2.44918	0	0	1	no
NFATC1	MA0624.1	PER10_SVMP_5	NA	scaffold-mi1	14197565	14197574	1.21514	0.61935	1.24874	0	0	0	no
SOX9	MA0077.1	PER10_SVMP_5	NA	scaffold-mi1	14197756	14197764	0.89501	0.34315	1.93593	0	0	0	no
SOX9	MA0077.1	PER10_SVMP_5	NA	scaffold-mi1	14197696	14197704	0.99086	0.28292	2.28001	0	0	0	no
SOX9	MA0077.1	PER10_SVMP_5	NA	scaffold-mi1	14197559	14197567	1.21514	0.61935	1.13364	0	0	0	no
BARX2	MA1471.1	PER10_SVMP_5	NA	scaffold-mi1	14197795	14197806	0.92048	0.40929	1.27029	0	0	0	no
BARX2	MA1471.1	PER10_SVMP_5	NA	scaffold-mi1	14197792	14197803	0.92048	0.42092	1.24233	0	0	0	no
NFIA	MA0670.1	PER10_SVMP_5	NA	scaffold-mi1	14197774	14197783	0.92048	0.42559	1.16777	0	0	0	no
NFIA	MA0670.1	PER10_SVMP_5	NA	scaffold-mi1	14197881	14197890	0.64663	0.43814	1.00504	0	0	0	no
NFIA	MA0670.1	PER10_SVMP_5	NA	scaffold-mi1	14198044	14198053	1.13184	0.72572	1.81132	0	0	0	no
NFIA	MA0670.1	PER10_SVMP_5	NA	scaffold-mi1	14198081	14198090	0.9085	0.46204	2.06052	0	0	0	no
Arid3a	MA0151.1	PER10_SVMP_5	NA	scaffold-mi1	14197584	14197589	1.01072	0.50814	1.27186	0	0	0	no
Arid3a	MA0151.1	PER10_SVMP_5	NA	scaffold-mi1	14197630	14197635	1.01314	0.5881	1.27208	0	0	0	no
Arid3a	MA0151.1	PER10_SVMP_5	NA	scaffold-mi1	14197857	14197862	0.70906	0.42297	1.23387	0	0	0	no
Arid3a	MA0151.1	PER10_SVMP_5	NA	scaffold-mi1	14197867	14197872	0.70906	0.42297	1.08959	0	0	0	no
Arid3a	MA0151.1	PER10_SVMP_5	NA	scaffold-mi1	14197878	14197883	0.64663	0.38388	1.00504	0	0	0	no
Arid3a	MA0151.1	PER10_SVMP_5	NA	scaffold-mi1	14198053	14198058	1.13184	0.72572	1.76619	0	0	0	no
Arid3a	MA0151.1	PER10_SVMP_5	NA	scaffold-mi1	14198097	14198102	0.81005	0.46204	2.06052	0	0	0	no
Arid3a	MA0151.1	PER10_SVMP_5	NA	scaffold-mi1	14198093	14198098	0.81963	0.46204	2.06052	0	0	0	no
Arid3a	MA0151.1	PER10_SVMP_5	NA	scaffold-mi1	14198076	14198081	1.04697	0.46204	2.06052	0	0	0	no
Arid3a	MA0151.1	PER10_SVMP_5	NA	scaffold-mi1	14197962	14197967	0.84068	0.60294	1.21428	0	0	0	no
Arid3a	MA0151.1	PER10_SVMP_5	NA	scaffold-mi1	14197957	14197962	0.66592	0.55629	1.09877	0	0	0	no
Arid3a	MA0151.1	PER10_SVMP_5	NA	scaffold-mi1	14197930	14197935	0.55529	0.54386	0.83396	0	0	0	no
Arid3a	MA0151.1	PER10_SVMP_5	NA	scaffold-mi1	14197918	14197923	0.55976	0.54386	0.87397	0	0	0	no
Arid3a	MA0151.1	PER10_SVMP_5	NA	scaffold-mi1	14197910	14197915	0.60639	0.54386	0.87397	0	0	0	no
Arid3a	MA0151.1	PER10_SVMP_5	NA	scaffold-mi1	14197878	14197883	0.64663	0.38388	1.00504	0	0	0	no
Arid3a	MA0151.1	PER10_SVMP_5	NA	scaffold-mi1	14197751	14197756	1.12465	0.31938	2.85772	0	0	1	no
Arid3a	MA0151.1	PER10_SVMP_5	NA	scaffold-mi1	14197648	14197653	0.95464	0.37357	2.31579	0	0	0	no
ZNF652	MA1657.1	PER10_SVMP_5	NA	scaffold-mi1	14198097	14198108	0.81005	0.46204	2.06052	0	0	0	no
FOXO3	MA0157.2	PER10_SVMP_5	NA	scaffold-mi1	14197786	14197793	0.92048	0.42559	1.16777	0	0	0	no
FOXO3	MA0157.2	PER10_SVMP_5	NA	scaffold-mi1	14197940	14197947	0.55254	0.45696	0.72356	0	0	0	no
FOXC2	MA0846.1	PER10_SVMP_5	NA	scaffold-mi1	14197581	14197592	1.05254	0.55829	1.27186	0	0	0	no
FOXC2	MA0846.1	PER10_SVMP_5	NA	scaffold-mi1	14197737	14197748	1.17843	0.33515	2.96509	0	0	1	no
FOXC2	MA0846.1	PER10_SVMP_5	NA	scaffold-mi1	14197783	14197794	0.92048	0.42559	1.16777	0	0	0	no
FOXC2	MA0846.1	PER10_SVMP_5	NA	scaffold-mi1	14197939	14197950	0.54942	0.45007	0.71765	0	0	0	no
FOXC2	MA0846.1	PER10_SVMP_5	NA	scaffold-mi1	14197923	14197934	0.55529	0.54386	0.8478	0	0	0	no
NR4A2	MA0160.1	PER10_SVMP_5	NA	scaffold-mi1	14197919	14197926	0.55742	0.54386	0.86959	0	0	0	no
Bhlha15	MA0607.1	PER10_SVMP_5	NA	scaffold-mi1	14197820	14197827	0.72025	0.32309	1.18009	0	0	0	no
Bhlha15	MA0607.1	PER10_SVMP_5	NA	scaffold-mi1	14198110	14198117	0.87039	0.44176	2.03272	0	0	0	no
Bhlha15	MA0607.1	PER10_SVMP_5	NA	scaffold-mi1	14198110	14198117	0.87039	0.44176	2.03272	0	0	0	no
Bhlha15	MA0607.1	PER10_SVMP_5	NA	scaffold-mi1	14197820	14197827	0.72025	0.32309	1.18009	0	0	0	no
PITX2	MA1547.1	PER10_SVMP_5	NA	scaffold-mi1	14197795	14197802	0.92048	0.42006	1.27029	0	0	0	no
PITX2	MA1547.1	PER10_SVMP_5	NA	scaffold-mi1	14197879	14197886	0.64663	0.39127	1.00504	0	0	0	no
PITX2	MA1547.1	PER10_SVMP_5	NA	scaffold-mi1	14198010	14198017	1.18327	0.6647	1.82458	0	0	0	no
PITX2	MA1547.1	PER10_SVMP_5	NA	scaffold-mi1	14197875	14197882	0.66224	0.39745	1.00504	0	0	0	no
PITX2	MA1547.1	PER10_SVMP_5	NA	scaffold-mi1	14197864	14197871	0.70906	0.42297	1.14199	0	0	0	no
PITX2	MA1547.1	PER10_SVMP_5	NA	scaffold-mi1	14197854	14197861	0.70906	0.42297	1.23387	0	0	0	no
ELF5	MA0136.2	PER10_SVMP_5	NA	scaffold-mi1	14197564	14197574	1.21514	0.61935	1.23564	0	0	0	no
ELF5	MA0136.2	PER10_SVMP_5	NA	scaffold-mi1	14197652	14197662	0.96537	0.29609	2.44673	0	0	1	no
ELF5	MA0136.2	PER10_SVMP_5	NA	scaffold-mi1	14197675	14197685	0.96673	0.28672	2.44918	0	0	1	no
ELF5	MA0136.2	PER10_SVMP_5	NA	scaffold-mi1	14197966	14197976	1.01257	0.60468	1.4228	0	0	0	no
MEIS1	MA0498.2	PER10_SVMP_5	NA	scaffold-mi1	14197555	14197561	1.24298	0.62077	1.21459	0	0	0	no
MEIS1	MA0498.2	PER10_SVMP_5	NA	scaffold-mi1	14197589	14197595	0.99879	0.61085	1.27186	0	0	0	no
MEIS1	MA0498.2	PER10_SVMP_5	NA	scaffold-mi1	14197803	14197809	0.92048	0.3526	1.27029	0	0	0	no
MEIS1	MA0498.2	PER10_SVMP_5	NA	scaffold-mi1	14197826	14197832	0.72731	0.38105	1.20016	0	0	0	no
MEIS1	MA0498.2	PER10_SVMP_5	NA	scaffold-mi1	14197844	14197850	0.72731	0.4099	1.23387	0	0	0	no
MEIS1	MA0498.2	PER10_SVMP_5	NA	scaffold-mi1	14197619	14197625	1.03063	0.63357	1.26875	0	0	0	no
NFIX	MA0671.1	PER10_SVMP_5	NA	scaffold-mi1	14197570	14197578	1.21272	0.61935	1.27186	0	0	0	no
NFIX	MA0671.1	PER10_SVMP_5	NA	scaffold-mi1	14197774	14197782	0.92048	0.42559	1.16777	0	0	0	no
NFIX	MA0671.1	PER10_SVMP_5	NA	scaffold-mi1	14197881	14197889	0.64663	0.42576	1.00504	0	0	0	no
NFIX	MA0671.1	PER10_SVMP_5	NA	scaffold-mi1	14198044	14198052	1.13184	0.72572	1.81132	0	0	0	no
NFIX	MA0671.1	PER10_SVMP_5	NA	scaffold-mi1	14198082	14198090	0.8973	0.46204	2.06052	0	0	0	no
NFIX	MA0671.1	PER10_SVMP_5	NA	scaffold-mi1	14198071	14198079	1.0785	0.46189	2.06052	0	0	0	no
NFIX	MA0671.1	PER10_SVMP_5	NA	scaffold-mi1	14198016	14198024	1.15041	0.67668	1.72785	0	0	0	no
FOXI1	MA0042.2	PER10_SVMP_5	NA	scaffold-mi1	14197786	14197792	0.92048	0.42559	1.16777	0	0	0	no
MEIS1	MA0498.2	PER11_SVMP_5	NA	scaffold-mi1	14203510	14203516	4.19614	1.89242	5.05412	1	0	1	yes
MEIS1	MA0498.2	PER11_SVMP_5	NA	scaffold-mi1	14203824	14203830	1.25653	0.72874	1.16453	0	0	0	no
MEIS1	MA0498.2	PER11_SVMP_5	NA	scaffold-mi1	14203753	14203759	1.70783	1.00207	1.59209	0	0	0	no
MEIS1	MA0498.2	PER11_SVMP_5	NA	scaffold-mi1	14203614	14203620	2.90593	1.75175	4.5449	1	0	1	yes
MEIS1	MA0498.2	PER11_SVMP_5	NA	scaffold-mi1	14203542	14203548	2.83022	1.60011	3.91985	1	0	1	yes
MEIS1	MA0498.2	PER11_SVMP_5	NA	scaffold-mi1	14203490	14203496	4.85935	2.63293	5.5072	1	1	1	yes
Arid3a	MA0151.1	PER11_SVMP_5	NA	scaffold-mi1	14203679	14203684	2.39263	1.43517	4.55122	1	0	1	yes
Arid3a	MA0151.1	PER11_SVMP_5	NA	scaffold-mi1	14203710	14203715	2.11574	1.08288	3.94538	0	0	1	no
Arid3a	MA0151.1	PER11_SVMP_5	NA	scaffold-mi1	14203557	14203562	2.83591	1.60011	4.03314	1	0	1	yes
Arid3a	MA0151.1	PER11_SVMP_5	NA	scaffold-mi1	14203533	14203538	2.74199	1.27997	4.28694	1	0	1	yes
Arid3a	MA0151.1	PER11_SVMP_5	NA	scaffold-mi1	14203526	14203531	3.27808	1.54464	4.71691	1	0	1	yes
Arid3a	MA0151.1	PER11_SVMP_5	NA	scaffold-mi1	14203522	14203527	3.76234	1.79254	4.71691	1	0	1	yes
Arid3a	MA0151.1	PER11_SVMP_5	NA	scaffold-mi1	14203391	14203396	3.56512	1.137	4.74112	1	0	1	yes
Arid3a	MA0151.1	PER11_SVMP_5	NA	scaffold-mi1	14203352	14203357	1.80416	0.73584	3.00876	0	0	1	no
Arid3a	MA0151.1	PER11_SVMP_5	NA	scaffold-mi1	14203325	14203330	1.00558	0.2874	2.01895	0	0	0	no
ELF5	MA0136.2	PER11_SVMP_5	NA	scaffold-mi1	14203383	14203393	3.41621	1.08424	4.74112	1	0	1	yes
ELF5	MA0136.2	PER11_SVMP_5	NA	scaffold-mi1	14203429	14203439	5.24542	1.80193	6.89379	1	0	1	yes
ELF5	MA0136.2	PER11_SVMP_5	NA	scaffold-mi1	14203569	14203579	2.63365	1.55587	3.76047	1	0	1	yes
ELF5	MA0136.2	PER11_SVMP_5	NA	scaffold-mi1	14203644	14203654	2.34802	1.30159	4.44812	1	0	1	yes
ELF5	MA0136.2	PER11_SVMP_5	NA	scaffold-mi1	14203419	14203429	4.37379	1.76477	5.62046	1	0	1	yes
ELF5	MA0136.2	PER11_SVMP_5	NA	scaffold-mi1	14203317	14203327	0.9873	0.28647	1.83817	0	0	0	no
PITX2	MA1547.1	PER11_SVMP_5	NA	scaffold-mi1	14203676	14203683	2.40244	1.43911	4.56431	1	0	1	yes
ZNF652	MA1657.1	PER11_SVMP_5	NA	scaffold-mi1	14203346	14203357	1.67393	0.66993	2.94004	0	0	1	no
ZNF652	MA1657.1	PER11_SVMP_5	NA	scaffold-mi1	14203333	14203344	1.0885	0.4254	2.06594	0	0	0	no
FOS	MA0476.1	PER11_SVMP_5	NA	scaffold-mi1	14203292	14203302	0.86504	0.25093	1.78307	0	0	0	no
FOS	MA0476.1	PER11_SVMP_5	NA	scaffold-mi1	14203487	14203497	4.93183	2.69967	5.51537	1	1	1	yes
FOS	MA0476.1	PER11_SVMP_5	NA	scaffold-mi1	14203529	14203539	2.86193	1.29411	4.41596	1	0	1	yes
FOS	MA0476.1	PER11_SVMP_5	NA	scaffold-mi1	14203487	14203497	4.93183	2.69967	5.51537	1	1	1	yes
FOS	MA0476.1	PER11_SVMP_5	NA	scaffold-mi1	14203292	14203302	0.86504	0.25093	1.78307	0	0	0	no
FOXO3	MA0157.2	PER11_SVMP_5	NA	scaffold-mi1	14203578	14203585	2.31155	1.52437	3.69487	0	0	1	no
FOXO3	MA0157.2	PER11_SVMP_5	NA	scaffold-mi1	14203553	14203560	2.83591	1.60011	4.03314	1	0	1	yes
EHF	MA0598.3	PER11_SVMP_5	NA	scaffold-mi1	14203315	14203329	0.98727	0.28647	1.8297	0	0	0	no
EHF	MA0598.3	PER11_SVMP_5	NA	scaffold-mi1	14203567	14203581	2.59484	1.5536	3.7618	1	0	1	yes
EHF	MA0598.3	PER11_SVMP_5	NA	scaffold-mi1	14203381	14203395	3.40968	1.09318	4.74112	1	0	1	yes
Bhlha15	MA0607.1	PER11_SVMP_5	NA	scaffold-mi1	14203289	14203296	0.88329	0.2511	1.76391	0	0	0	no
Bhlha15	MA0607.1	PER11_SVMP_5	NA	scaffold-mi1	14203559	14203566	2.83591	1.60011	4.03314	1	0	1	yes
Bhlha15	MA0607.1	PER11_SVMP_5	NA	scaffold-mi1	14203289	14203296	0.88329	0.2511	1.76391	0	0	0	no
NFATC1	MA0624.1	PER11_SVMP_5	NA	scaffold-mi1	14203317	14203326	0.98532	0.28647	1.81808	0	0	0	no
NFATC1	MA0624.1	PER11_SVMP_5	NA	scaffold-mi1	14203419	14203428	4.34656	1.76338	5.47898	1	0	1	yes
NFATC1	MA0624.1	PER11_SVMP_5	NA	scaffold-mi1	14203602	14203611	2.90593	1.75175	4.53866	1	0	1	yes
NFATC1	MA0624.1	PER11_SVMP_5	NA	scaffold-mi1	14203622	14203631	2.90593	1.65383	4.5449	1	0	1	yes
NFATC1	MA0624.1	PER11_SVMP_5	NA	scaffold-mi1	14203644	14203653	2.38326	1.31687	4.53064	1	0	1	yes
NFATC1	MA0624.1	PER11_SVMP_5	NA	scaffold-mi1	14203739	14203748	1.86183	1.04762	1.77356	0	0	0	no
NFATC1	MA0624.1	PER11_SVMP_5	NA	scaffold-mi1	14203696	14203705	2.28738	1.3637	4.21413	0	0	1	no
NFATC1	MA0624.1	PER11_SVMP_5	NA	scaffold-mi1	14203570	14203579	2.61118	1.55095	3.73017	1	0	1	yes
NFATC1	MA0624.1	PER11_SVMP_5	NA	scaffold-mi1	14203430	14203439	5.27383	1.80466	6.89379	1	0	1	yes
NFATC1	MA0624.1	PER11_SVMP_5	NA	scaffold-mi1	14203384	14203393	3.42938	1.08476	4.74112	1	0	1	yes
NFIA	MA0670.1	PER11_SVMP_5	NA	scaffold-mi1	14203608	14203617	2.90593	1.75175	4.54213	1	0	1	yes
NFIX	MA0671.1	PER11_SVMP_5	NA	scaffold-mi1	14203608	14203616	2.90593	1.75175	4.54178	1	0	1	yes
NFIX	MA0671.1	PER11_SVMP_5	NA	scaffold-mi1	14203639	14203647	2.56647	1.4054	4.5449	1	0	1	yes
NFIX	MA0671.1	PER11_SVMP_5	NA	scaffold-mi1	14203722	14203730	1.82082	1.01269	2.24411	0	0	0	no
NFIX	MA0671.1	PER11_SVMP_5	NA	scaffold-mi1	14203632	14203640	2.78899	1.4054	4.5449	1	0	1	yes
NR4A2	MA0160.1	PER11_SVMP_5	NA	scaffold-mi1	14203497	14203504	4.4667	2.15923	5.34381	1	0	1	yes
NR4A2	MA0160.1	PER11_SVMP_5	NA	scaffold-mi1	14203748	14203755	1.6284	1.04762	1.68311	0	0	0	no
SREBF1	MA0595.1	PER11_SVMP_5	NA	scaffold-mi1	14203403	14203412	3.87274	1.2026	4.74112	1	0	1	yes
FOXI1	MA0042.2	PER11_SVMP_5	NA	scaffold-mi1	14203579	14203585	2.31956	1.52649	3.75019	1	0	1	yes
SREBF2	MA0596.1	PER11_SVMP_5	NA	scaffold-mi1	14203403	14203412	3.87274	1.2026	4.74112	1	0	1	yes
BARX2	MA1471.1	PER11_SVMP_5	NA	scaffold-mi1	14203345	14203356	1.5971	0.63965	2.87026	0	0	1	no
BARX2	MA1471.1	PER11_SVMP_5	NA	scaffold-mi1	14203805	14203816	1.83121	0.97044	2.0938	0	0	0	no
FOXO4	MA0848.1	PER11_SVMP_5	NA	scaffold-mi1	14203579	14203585	2.31956	1.52649	3.75019	1	0	1	yes
FOXO4	MA0848.1	PER11_SVMP_5	NA	scaffold-mi1	14203554	14203560	2.83591	1.60011	4.03314	1	0	1	yes
FOXC2	MA0846.1	PER11_SVMP_5	NA	scaffold-mi1	14203497	14203508	4.46073	2.08314	5.34381	1	0	1	yes
FOXC2	MA0846.1	PER11_SVMP_5	NA	scaffold-mi1	14203577	14203588	2.46603	1.57011	3.83057	1	0	1	yes
FOXC2	MA0846.1	PER11_SVMP_5	NA	scaffold-mi1	14203552	14203563	2.83591	1.60011	4.03314	1	0	1	yes
FOXC2	MA0846.1	PER11_SVMP_5	NA	scaffold-mi1	14203523	14203534	3.31613	1.51962	4.71691	1	0	1	yes
SOX9	MA0077.1	PER11_SVMP_5	NA	scaffold-mi1	14203663	14203671	2.40244	1.43911	4.56431	1	0	1	yes
SOX9	MA0077.1	PER11_SVMP_5	NA	scaffold-mi1	14203788	14203796	2.08348	0.97044	2.0938	0	0	0	no
SOX9	MA0077.1	PER11_SVMP_5	NA	scaffold-mi1	14203821	14203829	1.37611	0.82226	1.32169	0	0	0	no
SOX9	MA0077.1	PER11_SVMP_5	NA	scaffold-mi1	14203617	14203625	2.90593	1.75175	4.5449	1	0	1	yes
SOX9	MA0077.1	PER11_SVMP_5	NA	scaffold-mi1	14203499	14203507	4.45841	2.05066	5.34381	1	0	1	yes
RORA	MA0071.1	PER11_SVMP_5	NA	scaffold-mi1	14203494	14203503	4.52266	2.26561	5.34381	1	0	1	yes
RORA	MA0071.1	PER11_SVMP_5	NA	scaffold-mi1	14203749	14203758	1.64032	1.0269	1.63837	0	0	0	no
